distrito,precio_usd,area_m2,dormitorios,banos,cocheras
Comas,116613,170,2,1,1.0
San Martin de Porres,81532,101,1,3,1.0
Los Olivos,50087,55,4,1,0.0
Surco,297341,169,4,3,2.0
Comas,72728,119,4,3,1.0
Miraflores,149423,62,4,2,1.0
Los Olivos,264822,234,1,2,1.0
San Martin de Porres,173557,195,3,3,0.0
Los Olivos,118490,113,4,3,1.0
Comas,82862,109,4,1,1.0
San Miguel,210539,175,2,1,0.0
San Martin de Porres,112146,135,4,2,1.0
Miraflores,468246,215,3,3,1.0
San Martin de Porres,246083,238,2,3,1.0
San Isidro,586783,221,3,3,2.0
San Martin de Porres,68695,70,3,1,1.0
Surco,371362,202,1,1,0.0
Surco,417360,242,3,2,1.0
Comas,57468,87,3,2,0.0
Miraflores,535893,216,3,3,0.0
Miraflores,359145,138,1,2,1.0
Surco,100315,64,3,3,1.0
Miraflores,231708,113,4,3,1.0
Comas,128851,191,4,1,0.0
Comas,67967,98,2,2,1.0
San Isidro,556216,209,3,3,1.0
San Martin de Porres,159628,185,4,3,1.0
Surco,112265,60,3,3,0.0
San Isidro,515254,221,4,3,0.0
San Miguel,293556,232,2,2,1.0
Comas,191170,248,4,2,0.0
San Isidro,356064,158,4,2,1.0
San Miguel,290094,205,2,1,1.0
San Martin de Porres,96558,105,4,2,0.0
Miraflores,269502,114,2,1,0.0
Miraflores,509602,197,3,2,1.0
Los Olivos,46021,46,4,3,2.0
San Martin de Porres,127487,127,3,1,0.0
Miraflores,591384,248,4,3,2.0
Comas,94864,156,3,1,0.0
Comas,39094,51,2,1,1.0
Surco,97814,50,2,2,1.0
Surco,92029,59,4,3,2.0
San Martin de Porres,126410,123,4,3,1.0
Surco,278706,149,4,2,0.0
Comas,44864,67,4,1,1.0
Miraflores,321848,125,2,3,1.0
Comas,97367,159,3,3,1.0
San Miguel,129845,85,2,2,0.0
Los Olivos,198105,191,2,3,0.0
San Isidro,256847,104,1,3,0.0
Miraflores,493644,220,1,1,1.0
Miraflores,406455,154,2,3,1.0
Comas,63396,102,4,1,
San Miguel,167919,121,4,2,1.0
Surco,391610,227,2,3,1.0
Comas,160361,235,4,1,
San Martin de Porres,118298,120,1,1,1.0
San Miguel,200625,129,4,3,1.0
San Isidro,304065,116,2,1,0.0
Los Olivos,214253,234,2,2,0.0
San Martin de Porres,210510,205,1,2,1.0
Los Olivos,77341,71,3,1,0.0
Surco,128767,70,4,1,0.0
Comas,134795,208,4,3,1.0
Comas,142289,189,2,2,1.0
San Isidro,142036,59,4,1,0.0
San Isidro,413982,182,4,2,0.0
Surco,301937,148,3,2,1.0
Comas,162468,226,4,1,0.0
San Martin de Porres,51211,55,3,1,1.0
Los Olivos,160538,142,2,2,0.0
Miraflores,125857,52,4,3,1.0
San Isidro,475076,207,4,2,1.0
San Miguel,111421,92,1,1,0.0
San Miguel,271472,176,3,3,0.0
Miraflores,523358,247,1,1,0.0
Los Olivos,203110,224,4,1,2.0
Surco,141080,81,3,3,1.0
San Isidro,505926,199,4,3,1.0
Los Olivos,108731,125,4,3,0.0
Los Olivos,258734,239,3,1,0.0
San Martin de Porres,130025,154,3,3,0.0
San Isidro,118524,45,2,2,0.0
Comas,59342,76,2,1,1.0
Surco,416193,203,4,1,0.0
San Isidro,650941,227,3,2,0.0
Surco,111954,67,4,1,0.0
Comas,154062,243,4,2,0.0
San Miguel,238385,194,4,3,0.0
Comas,124753,181,3,2,2.0
Los Olivos,164626,157,4,2,1.0
Surco,179023,106,3,1,
Comas,129202,202,2,3,1.0
Miraflores,294956,134,4,3,1.0
Comas,98458,151,2,3,0.0
Miraflores,423314,188,2,1,1.0
Los Olivos,145139,155,2,2,1.0
San Miguel,337564,246,1,2,0.0
San Martin de Porres,109943,109,3,3,
San Miguel,205562,130,2,3,1.0
Surco,137913,79,1,3,0.0
Surco,195119,100,1,3,0.0
San Martin de Porres,75039,95,1,1,1.0
Surco,79088,41,2,3,0.0
San Miguel,181305,147,3,3,0.0
San Martin de Porres,161713,164,1,3,2.0
Comas,154250,225,3,3,0.0
San Miguel,189522,128,4,1,1.0
Comas,108880,168,2,2,
San Martin de Porres,116417,118,1,2,1.0
Comas,37179,56,1,2,0.0
San Isidro,328731,117,2,3,1.0
San Martin de Porres,179702,182,1,3,0.0
San Martin de Porres,155443,202,2,1,1.0
Comas,120973,201,4,2,1.0
Los Olivos,102598,98,1,1,2.0
Los Olivos,213281,245,3,3,1.0
Surco,207751,102,1,3,
Surco,341715,187,4,1,1.0
San Martin de Porres,185435,184,3,1,2.0
Los Olivos,98099,97,3,3,0.0
Los Olivos,108808,107,4,2,0.0
San Miguel,271876,212,2,3,1.0
Surco,315229,175,1,3,1.0
San Martin de Porres,233994,233,3,3,
Miraflores,391890,164,2,2,1.0
Miraflores,370632,153,4,2,1.0
Surco,265497,165,2,2,1.0
San Martin de Porres,127499,147,4,2,2.0
Miraflores,123604,54,1,2,1.0
San Miguel,59696,45,3,2,0.0
Surco,168781,82,4,1,2.0
San Isidro,476077,172,3,2,1.0
San Isidro,512657,189,3,2,0.0
Surco,326639,176,1,2,1.0
San Isidro,253219,112,3,1,1.0
Comas,110012,155,4,2,
San Martin de Porres,133545,151,2,1,1.0
Los Olivos,92359,97,1,2,
Surco,265241,155,3,3,0.0
San Martin de Porres,191953,188,1,2,0.0
Miraflores,227676,115,3,3,2.0
San Isidro,157802,57,4,2,1.0
San Isidro,346961,147,2,1,0.0
San Miguel,205502,169,3,3,1.0
Comas,154949,230,4,1,1.0
Los Olivos,89518,82,4,1,0.0
San Martin de Porres,102006,129,1,3,1.0
San Miguel,171511,140,2,3,0.0
San Martin de Porres,196658,219,3,3,1.0
San Miguel,302291,214,2,1,0.0
San Martin de Porres,66720,66,1,2,1.0
Comas,138165,203,2,1,0.0
Los Olivos,142537,139,2,1,0.0
Surco,207762,101,4,3,0.0
San Miguel,144098,112,2,3,1.0
Comas,139917,224,2,2,1.0
San Martin de Porres,176195,187,2,2,1.0
San Miguel,101601,83,2,3,2.0
Comas,85624,107,4,3,1.0
San Isidro,344047,124,1,2,0.0
Surco,274517,155,4,1,
Los Olivos,232847,206,1,3,1.0
Comas,94078,124,2,3,0.0
San Isidro,694291,242,4,1,0.0
Miraflores,506841,238,4,3,1.0
Miraflores,636608,242,1,3,1.0
San Miguel,344944,234,2,1,1.0
Miraflores,193636,99,4,1,0.0
San Martin de Porres,46644,49,1,1,0.0
Los Olivos,74951,81,1,2,1.0
San Isidro,322671,146,4,2,2.0
San Isidro,255520,105,2,1,0.0
Miraflores,339074,135,3,2,1.0
San Isidro,552871,218,3,2,0.0
Comas,76580,96,4,1,0.0
San Miguel,175502,123,2,2,1.0
Los Olivos,144238,140,4,2,0.0
San Miguel,236283,189,4,2,1.0
Los Olivos,175852,166,1,1,2.0
San Martin de Porres,188974,203,3,1,1.0
Surco,301522,183,4,3,1.0
Los Olivos,261815,245,1,3,0.0
Los Olivos,95281,100,4,1,0.0
San Isidro,261683,93,1,3,1.0
San Miguel,188515,126,3,3,
San Isidro,165693,70,2,2,1.0
Los Olivos,78479,71,3,1,2.0
San Isidro,148837,68,2,2,1.0
San Martin de Porres,93955,108,3,1,0.0
San Miguel,259654,211,3,2,
Surco,309156,196,4,2,0.0
Surco,395053,232,1,1,1.0
Miraflores,499426,196,4,3,1.0
San Isidro,455409,170,4,1,1.0
San Miguel,171104,112,3,2,1.0
Surco,413694,212,1,2,1.0
San Miguel,127096,91,3,3,1.0
San Miguel,381124,239,2,3,0.0
Surco,211391,116,3,3,0.0
Surco,91088,51,3,2,0.0
Miraflores,504100,194,3,2,1.0
Los Olivos,146061,155,1,3,1.0
Surco,175113,91,3,3,0.0
San Martin de Porres,87342,107,2,3,1.0
Surco,283303,156,4,1,1.0
San Martin de Porres,126715,128,4,2,0.0
San Miguel,180219,114,2,3,1.0
San Miguel,314084,221,2,3,1.0
Comas,64737,96,3,1,0.0
San Miguel,66674,53,1,3,1.0
Los Olivos,223065,197,2,1,1.0
Surco,245217,141,4,2,1.0
San Miguel,283158,205,3,2,1.0
San Isidro,566034,249,1,3,0.0
San Martin de Porres,77732,89,1,1,0.0
San Miguel,242405,201,2,2,1.0
San Miguel,48304,40,1,3,0.0
San Martin de Porres,187526,191,3,3,1.0
Surco,143443,71,4,1,0.0
Surco,171979,86,1,1,0.0
Comas,57595,87,1,2,1.0
Los Olivos,60576,61,2,2,1.0
Miraflores,459730,220,3,2,1.0
Miraflores,274645,126,4,2,0.0
Surco,246152,140,2,1,2.0
Miraflores,148169,72,2,3,1.0
Comas,137018,176,1,1,0.0
Surco,393841,229,3,1,1.0
San Miguel,274787,221,2,2,0.0
San Martin de Porres,199011,225,2,3,
San Miguel,232787,162,1,2,0.0
Miraflores,548686,211,3,1,1.0
San Martin de Porres,78189,94,3,3,
Comas,154448,216,4,1,0.0
Comas,178268,236,2,3,1.0
Comas,98503,161,3,3,1.0
Surco,80322,49,2,3,0.0
Los Olivos,131744,116,4,3,1.0
Miraflores,280730,123,3,1,0.0
Comas,39262,55,4,2,
San Martin de Porres,87060,110,1,2,
San Isidro,455588,211,2,1,2.0
San Isidro,200464,89,2,2,0.0
Los Olivos,187163,208,2,3,0.0
San Martin de Porres,163313,210,3,2,2.0
San Miguel,272394,185,4,3,0.0
Surco,357087,199,4,1,1.0
San Miguel,136440,85,2,2,0.0
Comas,92832,133,4,2,0.0
Miraflores,314755,150,1,2,1.0
Comas,77432,102,3,1,1.0
Comas,186869,242,2,2,0.0
Los Olivos,167844,157,1,3,1.0
Surco,293979,158,3,2,0.0
San Miguel,289601,222,1,3,1.0
San Miguel,197404,162,1,2,0.0
Surco,257865,137,2,1,1.0
Los Olivos,128591,126,4,3,0.0
San Miguel,264123,212,3,2,
San Martin de Porres,65643,65,1,2,2.0
Comas,113272,154,3,2,1.0
San Martin de Porres,170275,185,1,3,0.0
Comas,92918,130,3,3,0.0
Surco,373155,209,3,2,0.0
Surco,340059,176,1,2,1.0
San Martin de Porres,102537,116,2,1,0.0
San Miguel,272593,184,2,2,0.0
San Isidro,485439,173,2,1,0.0
Surco,287161,181,1,3,0.0
San Isidro,410305,191,4,1,1.0
San Martin de Porres,74523,74,1,1,0.0
San Miguel,236344,165,2,1,1.0
Surco,334784,190,3,1,
San Isidro,183107,81,4,3,0.0
Miraflores,164676,73,1,2,1.0
Los Olivos,148427,135,3,2,0.0
Miraflores,168931,69,4,1,1.0
San Isidro,130441,54,1,1,1.0
Miraflores,365690,171,1,1,0.0
Comas,31396,44,2,1,1.0
San Martin de Porres,44469,43,3,1,1.0
Surco,380600,230,1,3,1.0
Surco,161507,81,4,1,1.0
Miraflores,277693,112,4,3,0.0
Comas,60339,79,1,2,0.0
Miraflores,559505,218,3,2,0.0
San Miguel,276368,222,1,2,1.0
Comas,108385,145,3,2,0.0
Surco,266768,157,2,3,1.0
San Miguel,210115,165,4,1,1.0
San Miguel,81299,54,3,2,1.0
San Isidro,367470,141,1,1,0.0
Comas,141088,218,4,3,0.0
Miraflores,121167,56,3,2,1.0
Miraflores,154216,75,3,2,1.0
San Martin de Porres,140998,165,4,3,1.0
Miraflores,338269,166,3,3,0.0
Los Olivos,203191,228,1,2,2.0
Comas,75019,98,4,2,
Surco,176122,110,3,2,1.0
San Miguel,115194,74,4,3,0.0
Surco,71470,40,4,3,1.0
San Isidro,445877,162,2,3,1.0
San Miguel,286552,204,3,1,1.0
Surco,315314,155,2,3,1.0
San Martin de Porres,86300,100,4,3,1.0
Miraflores,192804,89,3,2,0.0
Surco,107770,54,3,3,0.0
Los Olivos,95377,86,4,1,0.0
Los Olivos,157057,155,2,3,2.0
San Miguel,156138,117,2,3,
San Martin de Porres,157986,198,2,3,1.0
Los Olivos,147369,169,4,2,1.0
San Martin de Porres,108116,123,3,1,1.0
Miraflores,389579,161,4,2,0.0
Comas,133589,169,2,2,
San Isidro,250527,108,3,1,0.0
San Martin de Porres,210731,240,1,3,0.0
San Miguel,193053,125,3,1,1.0
Los Olivos,165815,149,3,1,1.0
San Isidro,429089,171,3,3,0.0
San Isidro,154158,67,4,2,1.0
Los Olivos,227188,247,4,1,1.0
San Martin de Porres,218907,223,1,3,0.0
Comas,160025,228,3,2,1.0
Surco,134560,69,3,3,1.0
Miraflores,339746,145,2,1,0.0
San Miguel,136414,88,1,2,0.0
Los Olivos,40900,48,3,3,1.0
Los Olivos,187247,167,4,1,0.0
Los Olivos,139850,152,3,2,0.0
Comas,146985,224,2,1,1.0
Los Olivos,271424,242,1,2,1.0
Miraflores,606180,232,3,2,0.0
San Isidro,182128,77,2,2,0.0
Surco,159899,95,2,3,0.0
Miraflores,325456,164,2,1,1.0
San Isidro,541162,218,4,3,1.0
San Martin de Porres,71477,93,1,2,1.0
Surco,110465,56,4,1,1.0
Comas,96385,147,4,2,0.0
Los Olivos,49388,55,2,2,1.0
San Martin de Porres,108108,120,4,1,1.0
San Miguel,210911,168,2,3,1.0
Miraflores,387576,173,2,1,0.0
Comas,93841,118,3,1,0.0
Comas,143063,231,2,3,1.0
Miraflores,313564,136,4,2,1.0
San Martin de Porres,187663,193,1,2,1.0
San Isidro,524853,208,2,3,1.0
Miraflores,164216,82,2,2,0.0
Comas,30683,49,4,1,1.0
Los Olivos,201957,227,3,3,0.0
Miraflores,215867,90,1,3,1.0
Los Olivos,206377,194,3,2,0.0
Miraflores,374499,169,1,3,1.0
San Isidro,486690,227,1,3,1.0
Miraflores,152049,64,2,1,0.0
San Martin de Porres,102201,127,1,1,0.0
San Isidro,409479,169,4,1,0.0
San Miguel,148418,120,2,2,1.0
Surco,226325,124,4,2,1.0
San Martin de Porres,150470,184,1,1,0.0
Miraflores,123857,56,3,2,1.0
Surco,344994,187,4,1,1.0
San Martin de Porres,106174,118,3,3,0.0
Miraflores,501793,219,2,1,1.0
Miraflores,458993,220,3,1,2.0
San Miguel,274192,200,3,3,0.0
San Isidro,258472,94,4,1,2.0
Los Olivos,43781,46,4,1,1.0
Los Olivos,99362,101,2,2,0.0
San Martin de Porres,122116,131,3,1,1.0
Los Olivos,72475,82,1,2,1.0
San Isidro,202470,84,4,1,0.0
Miraflores,575494,242,1,2,1.0
San Miguel,297411,200,2,2,0.0
San Martin de Porres,171749,195,2,1,0.0
Comas,78478,118,4,2,0.0
San Miguel,88252,59,4,2,1.0
San Miguel,167414,117,1,2,0.0
Los Olivos,273089,244,4,3,0.0
Los Olivos,151022,156,4,3,1.0
Los Olivos,136640,123,4,3,0.0
Surco,175843,108,2,1,1.0
Comas,155633,220,1,2,1.0
San Isidro,416131,193,3,2,0.0
Miraflores,369889,164,2,2,2.0
San Miguel,108692,77,1,2,0.0
Miraflores,375120,184,3,1,
San Miguel,204798,142,2,1,0.0
Los Olivos,182551,160,2,1,1.0
Miraflores,285208,137,3,3,0.0
San Isidro,383727,166,2,3,1.0
San Miguel,137610,92,4,1,1.0
Miraflores,560021,243,2,1,1.0
Los Olivos,167518,188,4,3,
Comas,116838,176,2,1,1.0
San Miguel,166406,125,2,2,2.0
San Isidro,241244,90,2,1,1.0
Los Olivos,115866,124,1,3,1.0
Miraflores,551391,223,4,2,1.0
Surco,203699,113,4,2,1.0
Miraflores,130384,64,4,2,0.0
Comas,42313,70,1,2,1.0
Miraflores,480640,214,3,3,0.0
Miraflores,404109,185,1,2,0.0
San Miguel,113324,92,3,2,1.0
Miraflores,469229,203,1,2,0.0
Surco,442236,249,3,3,1.0
Los Olivos,233516,247,1,1,2.0
Miraflores,223934,96,2,1,0.0
Surco,112130,68,2,2,1.0
Comas,90310,115,2,1,1.0
San Martin de Porres,191125,243,2,2,1.0
San Miguel,66263,55,1,3,1.0
San Martin de Porres,169225,180,1,1,1.0
San Martin de Porres,126443,149,3,3,0.0
San Miguel,261717,199,4,1,1.0
Los Olivos,94921,104,1,1,1.0
Comas,85981,124,3,3,0.0
San Martin de Porres,194192,190,3,3,0.0
San Martin de Porres,112272,145,1,1,
San Miguel,67973,48,2,3,2.0
San Martin de Porres,121505,149,1,2,1.0
Los Olivos,128985,114,1,3,0.0
San Isidro,673441,239,3,1,2.0
Comas,135333,205,2,3,0.0
Miraflores,467841,179,4,1,2.0
Comas,156781,243,1,1,1.0
San Martin de Porres,178531,185,1,3,1.0
Miraflores,340446,144,3,1,
Miraflores,530442,246,4,1,2.0
Miraflores,82837,40,4,3,0.0
Surco,234313,127,3,2,1.0
San Isidro,600793,229,1,3,1.0
San Isidro,267872,107,4,3,0.0
Los Olivos,212869,198,3,2,0.0
Comas,161054,216,3,1,1.0
Comas,45602,66,4,2,1.0
San Miguel,346977,234,1,2,0.0
Comas,99338,163,4,3,1.0
San Miguel,253974,198,4,3,0.0
Comas,128776,195,1,2,1.0
San Martin de Porres,109124,116,2,2,1.0
San Miguel,207173,139,4,3,2.0
San Isidro,460291,211,2,1,0.0
Comas,33854,49,3,1,0.0
Miraflores,377147,177,4,3,0.0
San Martin de Porres,139764,175,2,1,2.0
Los Olivos,75376,88,1,2,1.0
Comas,65723,91,3,3,1.0
San Miguel,106302,89,1,2,1.0
San Martin de Porres,74586,82,2,3,1.0
Los Olivos,107345,96,1,3,0.0
Los Olivos,152806,155,4,1,0.0
San Martin de Porres,48596,57,3,1,2.0
San Isidro,465875,170,4,3,0.0
San Isidro,397290,166,4,1,0.0
Miraflores,584689,223,3,1,2.0
San Martin de Porres,123408,126,3,3,1.0
Comas,98737,157,4,1,2.0
San Isidro,153002,66,4,3,1.0
San Isidro,310129,108,3,3,0.0
San Isidro,189480,78,2,1,0.0
San Martin de Porres,177211,197,1,3,1.0
Los Olivos,108491,108,4,2,2.0
San Isidro,186583,69,1,1,0.0
Comas,48683,71,4,1,1.0
Surco,113171,66,1,1,1.0
San Isidro,370499,148,3,2,0.0
Comas,114540,163,4,3,1.0
San Miguel,83495,57,2,2,1.0
Comas,135298,201,2,3,0.0
Comas,136766,176,3,3,0.0
Surco,201310,121,4,3,0.0
San Miguel,317912,231,3,2,0.0
Los Olivos,184544,198,2,3,1.0
San Miguel,332651,246,1,3,0.0
San Miguel,192082,145,2,3,
Miraflores,527011,233,2,1,1.0
San Miguel,162375,110,4,3,1.0
Comas,94267,158,1,2,1.0
Surco,287681,165,2,2,1.0
San Martin de Porres,163926,199,2,3,0.0
Surco,205978,115,1,2,0.0
San Miguel,232168,177,2,3,0.0
San Martin de Porres,184845,241,1,2,
San Miguel,303873,191,1,1,1.0
Los Olivos,68822,74,4,1,1.0
San Miguel,131311,85,1,1,0.0
Surco,229061,120,4,2,0.0
San Miguel,194039,131,3,3,1.0
Comas,69612,106,4,1,1.0
San Miguel,227866,142,1,1,0.0
San Miguel,81865,52,4,2,0.0
San Martin de Porres,66089,74,3,2,0.0
Comas,111470,156,2,3,1.0
Comas,78585,114,2,1,0.0
Comas,145671,199,4,1,0.0
San Miguel,313003,238,2,1,1.0
Comas,94306,130,4,2,0.0
San Miguel,175901,128,4,1,0.0
San Isidro,211499,91,1,3,1.0
Miraflores,412836,205,3,3,1.0
Miraflores,241552,118,2,3,1.0
San Isidro,121177,55,4,2,0.0
Los Olivos,178232,180,3,1,0.0
Comas,63074,84,2,2,1.0
San Martin de Porres,159926,194,3,1,
Surco,133888,77,1,3,1.0
Miraflores,176838,87,1,2,1.0
San Martin de Porres,192477,218,4,1,
San Miguel,60017,50,3,1,1.0
San Martin de Porres,80191,78,3,3,2.0
Comas,94338,121,3,3,1.0
San Miguel,214776,142,4,3,1.0
Comas,55383,90,1,2,0.0
San Martin de Porres,42252,48,1,3,1.0
Miraflores,332016,153,1,3,1.0
Los Olivos,247171,216,2,1,1.0
San Martin de Porres,123599,129,4,1,0.0
Los Olivos,56519,54,1,3,0.0
San Miguel,134516,86,3,3,1.0
San Martin de Porres,99341,105,2,2,1.0
Surco,279599,141,4,1,1.0
San Martin de Porres,194439,238,3,2,0.0
Comas,93571,124,2,2,0.0
Comas,93688,132,2,2,0.0
San Martin de Porres,118975,119,1,2,0.0
Comas,128873,190,2,2,0.0
Comas,42646,53,1,3,1.0
Surco,376825,244,3,3,1.0
San Martin de Porres,173056,172,1,3,1.0
Miraflores,184110,85,3,1,1.0
Comas,79404,113,1,3,0.0
Los Olivos,155258,164,2,2,1.0
Miraflores,316681,126,4,3,1.0
San Miguel,124597,104,1,1,1.0
Los Olivos,129592,144,3,2,1.0
San Miguel,132235,84,3,2,0.0
Surco,113421,63,4,3,2.0
San Isidro,617983,221,2,3,1.0
San Isidro,294416,118,1,3,2.0
San Martin de Porres,135516,177,1,2,2.0
Miraflores,506726,238,3,1,2.0
Miraflores,405279,200,1,3,1.0
Comas,158871,199,4,1,1.0
San Isidro,514433,227,2,1,0.0
Comas,81374,119,4,3,1.0
Los Olivos,156233,146,4,1,1.0
Miraflores,442893,217,2,1,0.0
San Miguel,202566,167,1,2,0.0
Miraflores,279294,124,3,1,1.0
Comas,163357,245,4,2,0.0
Los Olivos,103458,98,2,3,0.0
Surco,65099,41,1,2,1.0
San Miguel,249790,179,4,3,0.0
San Martin de Porres,94986,120,3,1,1.0
San Martin de Porres,69688,84,4,2,1.0
San Isidro,283724,101,2,1,
Comas,129070,173,1,2,0.0
Miraflores,452689,224,3,2,1.0
Surco,283335,153,1,2,0.0
Miraflores,481735,225,1,1,1.0
Los Olivos,226810,244,4,1,1.0
San Miguel,208780,137,3,1,0.0
San Isidro,189979,71,2,1,1.0
Surco,374249,224,2,2,0.0
Surco,385074,213,3,3,1.0
Comas,105404,176,4,3,0.0
San Miguel,135886,86,2,1,1.0
Miraflores,354368,145,3,3,1.0
San Isidro,523198,201,2,2,0.0
Comas,85245,106,2,1,
Los Olivos,79301,82,4,1,1.0
San Miguel,301617,233,2,1,2.0
San Miguel,171899,143,1,3,1.0
Los Olivos,145897,153,2,2,0.0
San Isidro,426721,150,1,3,1.0
San Martin de Porres,110675,114,3,3,
Miraflores,149768,66,2,1,1.0
Comas,169295,227,3,1,1.0
Comas,42116,55,4,1,1.0
Miraflores,394314,156,2,3,1.0
San Martin de Porres,184411,195,3,2,1.0
Miraflores,372449,156,3,1,0.0
Miraflores,492406,215,1,2,1.0
Los Olivos,87695,89,3,1,1.0
San Miguel,138346,113,2,2,0.0
Los Olivos,186913,189,4,3,1.0
Los Olivos,68295,61,4,2,1.0
San Isidro,444425,180,3,3,0.0
San Isidro,292194,118,2,3,1.0
Miraflores,149022,73,2,3,0.0
Los Olivos,223457,215,2,3,1.0
San Isidro,441232,155,1,2,2.0
San Miguel,377268,236,1,2,0.0
San Miguel,162846,116,4,3,
Los Olivos,159682,139,1,3,1.0
Los Olivos,177147,182,3,2,0.0
San Isidro,612566,231,4,3,0.0
Miraflores,522158,205,1,3,1.0
Miraflores,288638,117,1,3,0.0
Los Olivos,144442,129,1,1,1.0
San Isidro,518530,188,3,1,0.0
San Isidro,438553,166,3,3,0.0
San Miguel,296931,233,2,1,1.0
San Isidro,352060,124,1,2,0.0
Comas,130488,200,3,3,0.0
Surco,210319,126,3,3,1.0
Miraflores,336335,142,4,1,0.0
San Martin de Porres,126416,132,4,2,1.0
San Isidro,456157,169,1,1,0.0
Surco,64923,40,4,1,1.0
San Isidro,401523,154,2,2,1.0
Comas,146785,244,4,1,0.0
San Miguel,252795,198,1,2,1.0
San Miguel,67516,55,1,2,1.0
Comas,78827,128,4,3,0.0
San Miguel,216971,176,2,1,0.0
San Miguel,69560,54,2,1,1.0
Miraflores,158038,63,4,2,0.0
San Martin de Porres,83463,99,2,2,1.0
San Martin de Porres,189117,190,1,1,1.0
San Martin de Porres,164335,184,2,2,0.0
San Martin de Porres,54444,59,4,1,1.0
Miraflores,415841,190,4,2,0.0
San Isidro,565181,200,3,3,1.0
Los Olivos,158355,159,4,2,0.0
Miraflores,331470,127,2,1,0.0
San Martin de Porres,136422,166,3,2,1.0
Los Olivos,47916,51,3,1,1.0
San Isidro,427019,173,2,1,1.0
San Miguel,263754,220,2,3,1.0
San Isidro,239493,94,2,3,0.0
Comas,49844,65,3,2,1.0
Comas,110295,161,1,2,0.0
San Isidro,451553,181,4,1,0.0
Comas,87621,130,2,2,2.0
Miraflores,185413,76,4,2,1.0
Miraflores,248862,125,3,3,
Comas,38173,50,4,2,1.0
Comas,116578,186,1,1,0.0
Comas,48166,68,2,3,0.0
San Miguel,253719,171,3,2,0.0
Surco,203434,114,4,1,2.0
Surco,92384,57,2,2,1.0
Surco,359205,176,4,3,1.0
San Martin de Porres,161088,206,3,1,0.0
San Martin de Porres,169972,177,2,1,0.0
San Miguel,204056,155,1,1,0.0
San Miguel,161346,117,3,1,0.0
San Martin de Porres,190509,225,1,1,1.0
Surco,242063,134,3,1,1.0
Miraflores,100610,41,4,3,1.0
Los Olivos,188536,195,4,2,0.0
Los Olivos,135049,154,4,1,0.0
Los Olivos,83946,73,2,2,0.0
San Isidro,157128,57,4,3,0.0
Comas,141616,201,4,1,0.0
Miraflores,153346,67,4,2,0.0
Los Olivos,89266,92,1,1,0.0
San Isidro,306888,137,3,2,0.0
San Isidro,207011,76,4,3,1.0
Los Olivos,125207,142,2,2,1.0
San Miguel,333428,249,2,1,
Surco,238761,147,4,3,0.0
San Miguel,243180,178,3,1,
Comas,95572,149,1,3,1.0
Miraflores,165606,80,4,2,1.0
San Miguel,88627,64,4,3,0.0
Miraflores,511325,230,4,1,0.0
Surco,403355,245,2,2,0.0
Surco,287891,140,2,2,1.0
Los Olivos,139033,146,3,2,1.0
Miraflores,579228,240,2,2,1.0
San Miguel,336448,222,1,3,1.0
Los Olivos,182278,166,3,1,1.0
Surco,127439,72,1,2,0.0
San Isidro,199597,81,3,2,0.0
Comas,162886,246,1,3,1.0
San Miguel,280517,229,2,2,1.0
Surco,380342,215,1,2,1.0
Los Olivos,172014,175,4,2,0.0
Comas,111381,166,4,2,1.0
San Martin de Porres,41154,48,1,1,
Miraflores,249638,124,3,1,1.0
San Martin de Porres,81714,104,4,2,1.0
San Isidro,358957,152,2,1,1.0
San Isidro,617584,216,4,3,0.0
San Martin de Porres,236690,245,4,2,0.0
San Miguel,101376,69,4,3,0.0
Los Olivos,122889,126,2,1,0.0
Surco,412991,223,3,3,1.0
San Miguel,55465,46,2,2,1.0
Miraflores,545078,240,3,3,2.0
San Miguel,177357,128,1,3,0.0
San Martin de Porres,141093,153,3,3,0.0
San Isidro,165905,59,3,2,1.0
Surco,297846,192,3,1,1.0
Miraflores,296133,146,3,1,0.0
Surco,277616,138,4,3,1.0
Los Olivos,137615,148,2,2,1.0
San Isidro,244573,91,2,2,1.0
Los Olivos,184078,194,2,1,1.0
San Isidro,287043,103,4,1,0.0
Surco,271524,159,1,1,0.0
San Isidro,300356,139,4,3,0.0
San Isidro,268375,118,4,1,
Comas,141051,185,4,3,0.0
San Miguel,268915,202,1,2,1.0
San Martin de Porres,216519,249,2,2,1.0
San Miguel,187324,125,1,1,0.0
San Miguel,155444,109,1,2,1.0
Surco,472335,247,4,3,1.0
San Miguel,277567,218,2,3,0.0
Los Olivos,140039,143,4,2,
Miraflores,480838,238,3,2,0.0
Comas,113705,157,2,2,1.0
San Isidro,219396,83,3,2,
Surco,234838,123,3,3,1.0
Los Olivos,111129,98,4,2,1.0
Surco,276371,141,3,2,1.0
San Miguel,203174,140,4,1,1.0
Surco,189797,106,3,3,1.0
Los Olivos,54856,55,4,3,2.0
Comas,141082,216,3,2,0.0
Comas,113672,168,4,3,1.0
San Isidro,398692,174,2,3,1.0
San Isidro,590439,238,4,3,0.0
Comas,177897,235,3,3,2.0
Miraflores,432102,206,2,3,1.0
Surco,394321,198,3,2,1.0
Comas,38220,54,4,3,1.0
San Martin de Porres,238624,233,1,1,1.0
San Martin de Porres,203314,211,4,1,
San Martin de Porres,192878,233,2,1,0.0
Miraflores,285279,110,3,1,1.0
Surco,272052,142,2,1,1.0
San Isidro,484968,204,1,1,1.0
San Isidro,436411,166,2,3,0.0
San Isidro,583798,232,4,3,1.0
Miraflores,527190,245,2,1,1.0
San Miguel,249136,193,1,2,0.0
Comas,78439,125,4,1,0.0
San Martin de Porres,136487,157,3,3,1.0
San Miguel,244594,200,1,2,1.0
Los Olivos,47740,55,4,3,0.0
San Isidro,164222,58,4,2,1.0
Miraflores,423002,189,1,1,1.0
Miraflores,290052,116,4,3,1.0
Comas,119261,154,4,3,1.0
Los Olivos,47205,51,1,1,2.0
San Martin de Porres,97920,96,1,1,
Miraflores,514123,241,4,3,1.0
Comas,38019,62,1,2,1.0
San Isidro,436447,173,1,1,1.0
Comas,82196,129,2,1,0.0
Los Olivos,156621,145,2,2,2.0
Surco,93338,51,3,3,1.0
San Isidro,453330,180,4,1,1.0
Comas,60980,94,2,2,1.0
Comas,30299,42,4,3,1.0
Surco,90291,54,2,3,1.0
San Isidro,217890,89,2,1,0.0
Miraflores,337342,143,3,2,1.0
Los Olivos,86574,81,4,1,1.0
Surco,293984,169,1,3,1.0
San Miguel,82698,61,2,1,1.0
Los Olivos,69292,75,3,3,0.0
San Martin de Porres,231222,247,2,2,0.0
Los Olivos,95675,104,3,1,1.0
San Martin de Porres,92322,120,4,1,0.0
Surco,266777,170,2,3,1.0
Miraflores,286066,133,2,3,1.0
San Isidro,245340,95,1,2,0.0
Comas,160550,238,2,2,0.0
San Isidro,474170,168,4,1,1.0
San Miguel,226595,176,4,2,1.0
Surco,361356,206,2,3,0.0
Comas,162069,247,1,3,1.0
Surco,315992,204,2,2,1.0
San Martin de Porres,168037,164,4,2,1.0
Surco,413575,241,4,1,0.0
San Isidro,519200,244,2,1,0.0
Miraflores,563623,240,1,2,1.0
San Isidro,213384,81,3,3,0.0
San Isidro,252779,108,1,3,1.0
Comas,56553,95,1,2,1.0
Comas,161771,201,1,1,0.0
Surco,367420,227,1,2,0.0
San Martin de Porres,231361,225,3,2,0.0
San Miguel,122214,87,4,2,1.0
San Miguel,377625,247,1,1,0.0
Comas,86939,121,1,3,0.0
San Martin de Porres,96376,104,4,2,0.0
Comas,114142,144,1,2,1.0
Comas,66492,100,1,1,0.0
San Martin de Porres,99382,119,3,1,
Surco,333864,184,3,2,0.0
Surco,176395,100,3,1,1.0
Miraflores,102707,47,1,2,0.0
Los Olivos,193192,184,2,1,1.0
San Isidro,432049,171,3,1,2.0
Los Olivos,244481,243,2,2,
Los Olivos,146688,169,4,1,1.0
San Martin de Porres,112833,111,1,2,0.0
Los Olivos,96871,108,3,3,0.0
San Martin de Porres,84162,82,1,2,2.0
Miraflores,275908,137,3,3,2.0
Miraflores,246654,107,4,2,1.0
Comas,102088,151,3,1,1.0
Los Olivos,102249,102,1,3,1.0
Comas,124000,193,3,2,1.0
Miraflores,435434,208,1,2,1.0
Miraflores,376994,183,1,1,0.0
Comas,82537,124,3,1,0.0
Miraflores,309161,135,1,1,1.0
San Isidro,267387,113,2,3,1.0
Surco,87010,53,4,3,0.0
Miraflores,259099,114,2,3,2.0
Los Olivos,199999,201,4,2,0.0
Miraflores,387486,167,1,3,1.0
San Miguel,255537,175,3,2,0.0
San Isidro,501560,184,2,1,0.0
San Miguel,247748,204,1,3,
Los Olivos,260517,242,4,2,1.0
Comas,105233,133,1,3,0.0
San Martin de Porres,143306,164,1,2,1.0
Los Olivos,127318,145,3,3,1.0
San Isidro,250793,116,2,2,1.0
Los Olivos,266836,244,1,3,1.0
San Isidro,512748,184,2,3,0.0
Comas,114913,151,3,3,0.0
San Martin de Porres,51236,51,3,1,1.0
San Isidro,245445,102,2,1,1.0
Los Olivos,255362,226,4,2,1.0
Comas,192225,245,3,3,1.0
Comas,60875,85,1,2,1.0
San Miguel,143678,114,4,2,0.0
San Isidro,277012,122,4,1,1.0
Los Olivos,123509,112,3,1,0.0
San Isidro,105422,47,4,1,0.0
Comas,149730,232,2,2,0.0
Comas,99458,144,3,3,1.0
San Isidro,217447,96,3,3,1.0
San Isidro,382809,159,1,3,1.0
San Miguel,251659,197,2,1,0.0
Comas,122597,193,1,1,1.0
San Martin de Porres,153034,195,1,2,1.0
San Miguel,306260,232,1,3,1.0
San Martin de Porres,190851,246,1,3,2.0
San Isidro,113657,49,1,3,1.0
San Miguel,297994,229,1,3,1.0
San Miguel,97233,64,4,1,0.0
Los Olivos,100551,89,4,1,0.0
Los Olivos,35625,40,1,1,1.0
San Isidro,462739,186,2,1,1.0
Miraflores,123944,53,1,3,1.0
Miraflores,518349,214,4,3,1.0
Comas,109600,182,3,2,1.0
Surco,195750,111,3,1,1.0
Miraflores,274693,132,4,1,1.0
San Isidro,345555,129,4,3,0.0
San Martin de Porres,219017,233,4,3,0.0
Surco,83727,54,1,1,2.0
San Isidro,320600,134,2,1,
Miraflores,453311,214,4,1,1.0
Los Olivos,242407,211,3,3,0.0
Comas,71242,97,1,3,1.0
San Miguel,251974,197,3,3,0.0
San Martin de Porres,88968,91,3,1,0.0
Comas,107620,145,1,1,0.0
San Miguel,274132,191,1,2,0.0
San Isidro,227364,96,3,2,2.0
Miraflores,268420,111,4,2,0.0
Miraflores,200759,96,1,1,2.0
Miraflores,409322,170,3,2,1.0
San Isidro,524103,202,2,1,1.0
San Martin de Porres,115283,136,4,3,
San Martin de Porres,154884,157,3,3,1.0
Los Olivos,57741,54,4,2,0.0
Los Olivos,72108,65,3,1,1.0
Surco,183472,92,4,2,
San Martin de Porres,51262,52,1,3,0.0
Miraflores,143859,63,4,2,2.0
San Miguel,194684,139,4,1,0.0
San Martin de Porres,157663,162,3,3,0.0
Comas,27666,41,2,3,1.0
Surco,248193,128,4,3,1.0
Surco,376184,235,4,2,1.0
Miraflores,269573,122,2,2,0.0
Los Olivos,244122,216,3,3,0.0
Comas,47828,70,2,1,
Comas,53066,87,1,3,1.0
Surco,206921,108,3,3,2.0
San Isidro,272407,118,1,2,0.0
Los Olivos,149551,131,4,1,1.0
Los Olivos,58053,57,3,2,0.0
San Isidro,537634,226,3,2,1.0
Comas,38901,53,4,2,1.0
Comas,98232,139,2,2,0.0
Surco,411154,206,4,1,0.0
San Isidro,109996,40,3,2,2.0
Surco,168384,101,2,1,2.0
San Martin de Porres,40041,48,2,2,0.0
San Martin de Porres,91780,95,3,2,0.0
San Miguel,337406,245,2,2,1.0
Comas,143235,209,2,1,1.0
San Miguel,271533,180,2,1,1.0
Miraflores,500674,244,3,1,1.0
Los Olivos,97292,96,3,1,0.0
San Miguel,172150,108,1,1,1.0
San Isidro,510586,199,3,3,1.0
San Martin de Porres,203466,217,4,2,0.0
San Miguel,156285,100,4,2,0.0
Surco,138636,82,2,1,1.0
Los Olivos,210667,209,3,2,0.0
San Martin de Porres,179165,231,1,1,1.0
Los Olivos,245339,243,1,3,1.0
Los Olivos,81732,90,2,3,
Surco,93823,51,1,3,0.0
San Martin de Porres,173094,220,4,3,2.0
San Miguel,133294,91,4,2,1.0
Los Olivos,157493,158,2,3,1.0
San Isidro,497381,189,3,1,1.0
Los Olivos,129816,152,1,2,0.0
San Isidro,532647,186,2,3,2.0
Miraflores,248992,102,4,3,1.0
San Martin de Porres,93936,105,1,1,0.0
San Martin de Porres,197484,242,2,2,2.0
San Miguel,136728,111,1,1,1.0
Comas,157056,234,3,1,0.0
Surco,151067,93,3,2,2.0
Miraflores,520346,242,3,1,1.0
Los Olivos,178112,167,4,2,0.0
Los Olivos,87547,86,4,3,1.0
San Isidro,346483,162,1,2,1.0
San Isidro,299879,134,2,1,1.0
Surco,185375,98,3,1,2.0
San Isidro,503286,206,4,1,1.0
San Martin de Porres,57044,60,3,1,
San Isidro,183607,83,3,1,1.0
San Miguel,91429,67,4,3,1.0
San Isidro,346511,147,4,3,1.0
Miraflores,381775,168,3,3,0.0
San Miguel,62665,40,1,1,0.0
San Isidro,308657,139,4,1,1.0
Los Olivos,190379,200,1,1,1.0
Comas,171943,235,1,2,0.0
San Isidro,374470,161,1,1,1.0
Comas,79356,99,2,3,2.0
Los Olivos,238391,216,3,2,1.0
San Miguel,260614,183,4,3,1.0
Surco,268888,141,1,2,0.0
Comas,71305,119,1,1,1.0
San Miguel,221049,177,1,3,1.0
Surco,238568,153,3,3,1.0
San Martin de Porres,170682,180,1,3,1.0
San Martin de Porres,230858,227,1,1,1.0
Comas,44992,69,1,3,0.0
San Isidro,654973,236,3,2,2.0
San Martin de Porres,167916,200,2,2,1.0
San Isidro,99554,43,1,1,1.0
San Miguel,88445,55,3,2,0.0
Comas,92845,121,4,1,0.0
Miraflores,223317,112,1,2,0.0
Surco,105789,55,3,2,0.0
San Isidro,527059,191,4,3,1.0
San Martin de Porres,184270,186,1,1,0.0
Comas,111673,167,1,1,1.0
San Isidro,110857,41,1,2,1.0
San Martin de Porres,96892,109,4,2,0.0
San Miguel,209815,170,4,1,1.0
Comas,140640,204,1,2,0.0
Miraflores,359539,149,1,3,0.0
Comas,128372,164,4,1,2.0
Los Olivos,195517,227,4,2,0.0
San Isidro,115077,49,4,3,1.0
San Miguel,228780,164,1,3,
San Martin de Porres,46686,61,1,1,0.0
San Martin de Porres,38773,47,1,1,1.0
San Miguel,71391,45,4,2,0.0
San Isidro,337614,121,4,3,1.0
Miraflores,157570,64,3,2,0.0
Miraflores,338622,156,1,1,2.0
Comas,41636,55,1,3,1.0
Los Olivos,198803,220,2,2,2.0
Surco,324301,183,1,1,0.0
Surco,208937,128,4,1,1.0
Surco,130122,72,4,1,1.0
San Isidro,697419,249,4,1,1.0
San Isidro,225072,95,2,3,
Comas,82054,133,3,2,0.0
Miraflores,253408,116,4,1,1.0
San Martin de Porres,118883,125,4,1,1.0
San Isidro,562579,219,1,3,0.0
Los Olivos,229675,210,1,1,1.0
San Martin de Porres,119767,134,3,3,1.0
Comas,71041,108,2,1,0.0
Surco,474810,247,1,3,1.0
San Martin de Porres,94208,116,4,3,0.0
Miraflores,367082,159,1,1,2.0
San Martin de Porres,97099,116,3,3,2.0
San Miguel,287510,202,2,3,1.0
Miraflores,236194,114,4,1,1.0
San Martin de Porres,108972,113,3,3,0.0
Comas,143936,208,4,1,1.0
San Miguel,186598,116,3,3,1.0
Los Olivos,123658,143,3,2,0.0
San Miguel,206779,134,2,3,0.0
San Miguel,117117,85,1,3,0.0
Surco,221057,109,1,3,
Miraflores,423355,163,2,1,0.0
Miraflores,157431,79,1,3,1.0
Surco,286964,146,3,1,0.0
Miraflores,340607,169,1,2,1.0
Surco,351400,186,4,1,0.0
Miraflores,419429,159,2,1,0.0
San Miguel,300300,228,1,1,1.0
San Miguel,99624,77,2,1,1.0
San Martin de Porres,57330,57,3,1,0.0
Comas,61073,82,1,2,1.0
Los Olivos,103599,94,3,2,1.0
Los Olivos,75301,68,1,2,0.0
Surco,413113,241,3,1,1.0
San Martin de Porres,157173,177,1,3,0.0
Comas,144609,213,1,1,1.0
San Martin de Porres,34833,40,1,2,0.0
Surco,249944,130,2,2,0.0
Comas,61828,96,4,3,
San Martin de Porres,196777,208,1,1,0.0
Comas,84756,131,3,3,1.0
Miraflores,358639,160,2,1,1.0
San Isidro,227703,95,2,1,1.0
Comas,139029,228,2,1,1.0
Miraflores,504398,206,3,2,1.0
San Miguel,93785,74,4,1,1.0
San Miguel,234352,153,1,3,0.0
Comas,25542,40,4,1,2.0
Los Olivos,238469,245,1,3,0.0
Surco,320648,169,4,3,
Los Olivos,157379,183,1,2,2.0
Miraflores,435048,174,3,1,0.0
Miraflores,337702,151,3,3,1.0
Comas,105595,161,4,1,0.0
Los Olivos,64246,71,4,3,
San Isidro,448011,174,3,1,1.0
Surco,334729,184,2,2,1.0
San Miguel,209797,173,1,3,1.0
Comas,187332,244,3,2,0.0
Comas,95064,140,1,3,0.0
Comas,138919,202,4,3,1.0
San Martin de Porres,126536,141,4,3,0.0
Miraflores,286632,136,1,3,0.0
San Miguel,372749,232,1,3,0.0
Comas,91485,131,2,3,1.0
Surco,84057,54,4,1,0.0
San Martin de Porres,51853,65,4,2,0.0
San Isidro,292495,110,4,3,0.0
Surco,200491,120,3,1,1.0
Comas,130504,207,1,3,1.0
San Martin de Porres,123238,159,3,3,1.0
San Martin de Porres,70347,68,4,3,1.0
Miraflores,569488,221,1,1,0.0
Los Olivos,225487,211,1,2,2.0
San Miguel,226282,186,4,2,1.0
Surco,256069,141,4,3,1.0
Los Olivos,180931,210,1,3,1.0
San Miguel,240695,167,1,2,0.0
Los Olivos,66374,68,3,2,1.0
Surco,355802,220,3,3,
San Martin de Porres,89220,88,2,1,1.0
Comas,140792,221,3,3,0.0
San Miguel,156399,103,3,1,1.0
Los Olivos,51774,47,2,1,1.0
San Miguel,66111,50,2,3,0.0
Surco,396654,235,1,2,1.0
Miraflores,318026,145,4,1,2.0
Comas,135609,223,2,3,1.0
Surco,335174,169,1,3,1.0
San Miguel,252894,167,3,2,1.0
Miraflores,125836,60,4,2,0.0
San Martin de Porres,119105,144,1,1,1.0
San Martin de Porres,235856,239,4,2,0.0
Surco,457594,230,4,3,
Los Olivos,49492,49,1,2,0.0
Miraflores,158697,65,2,1,1.0
Comas,80607,134,3,2,1.0
San Isidro,275324,122,4,3,2.0
San Martin de Porres,114279,131,4,1,0.0
San Isidro,317358,125,4,2,1.0
Comas,47867,60,3,3,0.0
San Isidro,135401,55,2,3,1.0
Miraflores,492115,200,3,1,1.0
Los Olivos,232393,225,3,2,1.0
San Martin de Porres,190337,224,1,2,0.0
San Miguel,354453,240,1,3,1.0
Comas,66046,109,2,1,1.0
San Miguel,56091,45,3,2,0.0
San Martin de Porres,200668,227,3,2,1.0
Miraflores,255680,115,4,3,0.0
Miraflores,346540,154,2,1,0.0
Miraflores,108202,53,2,1,1.0
Los Olivos,57907,61,1,3,1.0
Los Olivos,208928,192,1,3,2.0
Comas,86552,144,2,1,0.0
Surco,319739,160,1,2,0.0
Los Olivos,43673,44,2,1,1.0
Surco,199286,107,3,2,1.0
Miraflores,400231,164,2,2,1.0
San Isidro,368364,172,4,3,0.0
Comas,97195,150,1,3,1.0
Surco,394146,219,2,3,1.0
Los Olivos,56188,55,1,3,1.0
San Isidro,226264,80,2,3,0.0
Comas,114895,186,1,2,2.0
Miraflores,303276,143,1,2,1.0
San Isidro,106855,47,4,1,0.0
Comas,145829,222,1,1,0.0
Miraflores,250684,95,1,1,1.0
San Martin de Porres,137523,161,2,1,0.0
Miraflores,154885,76,2,1,0.0
San Martin de Porres,183247,199,2,3,0.0
Surco,146588,72,1,2,0.0
Los Olivos,220251,248,2,3,
Miraflores,346536,167,1,1,1.0
San Miguel,68818,51,4,3,
Miraflores,125274,51,1,2,2.0
Miraflores,97839,46,2,3,0.0
San Isidro,217496,98,2,3,1.0
San Martin de Porres,107819,110,2,1,1.0
Surco,171174,108,3,1,0.0
Miraflores,368832,153,2,2,1.0
Comas,158257,236,3,3,1.0
Surco,428595,219,2,2,1.0
Miraflores,454691,203,4,1,1.0
Comas,63725,96,2,3,0.0
Surco,195630,97,3,3,0.0
Miraflores,488696,206,1,3,1.0
San Miguel,338683,221,1,2,1.0
San Martin de Porres,105312,112,4,3,0.0
San Isidro,454361,176,4,1,0.0
Comas,136667,183,3,3,1.0
San Martin de Porres,245160,243,4,3,1.0
San Martin de Porres,212797,241,4,1,1.0
San Martin de Porres,177058,179,2,2,2.0
Miraflores,157519,80,2,2,1.0
Comas,26552,44,2,3,0.0
Surco,433722,247,2,3,1.0
Miraflores,381199,193,2,3,1.0
Surco,147812,94,3,3,0.0
San Miguel,219987,165,1,2,1.0
San Martin de Porres,115482,122,1,3,1.0
Comas,63851,101,1,1,1.0
Miraflores,483887,217,4,3,0.0
San Isidro,394888,153,4,1,1.0
Surco,440299,247,3,3,2.0
Los Olivos,163404,147,1,2,0.0
Surco,308499,155,4,2,1.0
Surco,145333,80,1,1,0.0
San Isidro,420908,183,1,2,1.0
San Miguel,327282,205,3,2,1.0
Surco,185855,104,1,3,1.0
Miraflores,314430,138,3,3,0.0
Surco,362283,206,1,3,1.0
Comas,137692,179,2,1,
San Isidro,322319,147,2,3,1.0
Surco,301163,154,2,3,1.0
San Martin de Porres,187742,191,2,2,0.0
Comas,64908,84,1,2,
Comas,49074,76,2,3,1.0
San Isidro,672214,235,3,3,0.0
San Miguel,156108,129,4,3,1.0
San Isidro,409479,170,4,2,1.0
Comas,147502,237,3,3,0.0
San Martin de Porres,98406,116,3,2,0.0
Surco,344208,220,4,2,1.0
San Martin de Porres,145372,170,4,3,1.0
Comas,75945,101,4,1,0.0
Miraflores,538195,228,2,2,0.0
San Isidro,277728,119,1,3,1.0
Surco,190418,94,3,1,2.0
Miraflores,512459,202,1,3,0.0
San Martin de Porres,66202,79,3,1,1.0
Los Olivos,90255,92,4,3,1.0
Los Olivos,86107,94,4,1,0.0
Surco,250224,132,2,1,1.0
Comas,58248,86,4,1,1.0
Comas,151503,203,3,1,1.0
San Isidro,692294,245,1,1,0.0
San Martin de Porres,134503,165,4,1,2.0
San Isidro,372656,174,3,3,1.0
Comas,174516,221,3,3,1.0
Los Olivos,173441,196,4,1,0.0
San Isidro,345719,124,3,2,1.0
Comas,67628,108,1,2,
Surco,322107,187,4,2,0.0
Comas,52025,76,4,1,1.0
Surco,74884,43,1,3,1.0
Comas,143819,202,1,2,1.0
Comas,81693,131,4,2,1.0
San Miguel,195303,136,2,3,1.0
Comas,52714,75,2,3,1.0
San Miguel,336994,211,3,2,2.0
San Isidro,135017,60,4,3,2.0
Miraflores,219693,102,1,1,0.0
San Miguel,162738,102,4,3,1.0
Surco,273660,174,1,3,1.0
Comas,81900,119,3,2,0.0
Los Olivos,269052,234,1,2,0.0
San Miguel,309977,236,2,3,0.0
Surco,177765,112,1,3,0.0
Comas,144011,190,3,3,1.0
Surco,299354,195,3,1,1.0
Surco,153143,84,1,1,1.0
Los Olivos,108847,104,3,2,1.0
Comas,43296,69,4,2,1.0
Comas,104890,162,4,1,1.0
Comas,99075,126,2,3,2.0
Los Olivos,278102,245,3,1,2.0
Comas,133941,213,3,1,2.0
Surco,288545,154,4,1,1.0
San Isidro,229651,99,2,3,1.0
Miraflores,156908,61,1,2,1.0
Surco,267191,146,3,3,2.0
Surco,258509,150,4,1,0.0
San Miguel,73968,52,4,1,1.0
Comas,29836,40,3,3,0.0
Miraflores,338054,147,1,1,0.0
San Miguel,361916,231,2,1,0.0
Miraflores,194391,74,1,3,0.0
Los Olivos,41842,49,3,3,
Miraflores,169905,85,3,3,0.0
Miraflores,211623,106,2,3,0.0
San Miguel,169699,120,4,1,0.0
San Martin de Porres,66630,82,2,2,1.0
San Miguel,62882,43,3,2,0.0
San Isidro,177898,83,2,3,1.0
San Miguel,134751,113,3,3,0.0
San Isidro,312747,131,2,1,1.0
San Isidro,367987,147,3,2,1.0
Los Olivos,155792,146,4,2,1.0
Miraflores,195693,87,4,3,1.0
San Isidro,219421,83,1,1,1.0
San Martin de Porres,139326,169,4,3,0.0
San Isidro,493788,216,4,3,0.0
San Martin de Porres,125540,130,4,1,0.0
Comas,79224,117,4,1,0.0
San Martin de Porres,139024,150,2,3,1.0
Miraflores,231141,100,4,3,1.0
San Martin de Porres,107751,106,4,1,1.0
Los Olivos,223713,248,2,3,2.0
San Miguel,187188,141,4,3,0.0
Comas,45855,60,4,2,0.0
Surco,296326,189,1,2,0.0
San Isidro,516251,184,3,2,1.0
Los Olivos,51539,51,4,2,1.0
San Martin de Porres,94103,112,3,2,1.0
Los Olivos,86072,91,1,3,0.0
Comas,104716,175,3,1,0.0
Surco,231447,135,4,2,2.0
Miraflores,477027,219,4,3,0.0
Miraflores,82556,40,4,2,1.0
San Miguel,228143,142,4,2,1.0
Los Olivos,173131,172,4,1,0.0
Comas,72981,119,4,1,0.0
San Isidro,181756,83,3,3,
Comas,50619,63,4,3,0.0
Los Olivos,72422,77,1,1,1.0
Los Olivos,87668,92,3,2,1.0
Los Olivos,64584,57,3,1,0.0
San Martin de Porres,144923,143,4,1,0.0
Miraflores,294948,139,4,2,1.0
San Martin de Porres,52388,58,4,1,2.0
Miraflores,176141,76,1,1,1.0
San Miguel,304345,245,3,3,0.0
San Miguel,309116,213,2,2,1.0
Los Olivos,172268,157,1,3,1.0
Surco,125993,67,3,3,0.0
San Martin de Porres,108825,115,3,2,0.0
Surco,382659,242,3,3,0.0
San Martin de Porres,107988,117,1,1,1.0
Los Olivos,128989,118,2,2,1.0
San Miguel,247104,182,2,2,0.0
Surco,266438,134,4,1,0.0
Comas,87248,144,1,3,2.0
San Miguel,281436,224,4,2,0.0
Surco,162556,87,4,1,1.0
Los Olivos,63598,65,4,2,0.0
Los Olivos,146148,167,1,1,1.0
San Miguel,74347,52,3,3,1.0
San Martin de Porres,63268,64,1,2,0.0
Comas,113935,181,4,3,0.0
San Miguel,231393,180,3,2,0.0
Miraflores,441443,219,4,1,1.0
Miraflores,644624,246,2,2,0.0
Comas,51420,79,1,3,0.0
San Martin de Porres,61328,67,2,1,0.0
Comas,47564,63,1,2,1.0
Miraflores,317815,125,3,2,1.0
San Miguel,76042,54,2,1,1.0
San Isidro,335506,128,3,2,1.0
Los Olivos,148167,146,3,1,1.0
Los Olivos,183130,197,4,2,0.0
San Martin de Porres,150611,174,1,1,0.0
Miraflores,118860,50,3,2,0.0
Surco,401247,211,3,1,1.0
San Martin de Porres,206783,218,4,3,1.0
San Miguel,277080,220,1,2,2.0
San Martin de Porres,98260,118,3,2,1.0
Los Olivos,56539,56,1,3,1.0
San Martin de Porres,168479,200,1,3,0.0
San Isidro,388935,168,3,2,0.0
San Isidro,286502,133,3,3,1.0
Surco,229080,126,3,1,0.0
Miraflores,590436,235,4,1,0.0
Comas,141943,217,3,1,0.0
San Martin de Porres,53427,59,2,1,0.0
Los Olivos,187240,180,2,1,2.0
Los Olivos,52841,57,3,2,1.0
Miraflores,299692,133,4,2,2.0
Comas,88120,146,3,3,0.0
San Isidro,523776,185,2,3,1.0
Surco,159110,78,3,3,1.0
Los Olivos,217350,233,3,1,2.0
Comas,47516,73,3,2,1.0
Surco,204092,103,4,3,1.0
Comas,86760,136,4,1,0.0
Miraflores,524173,232,1,1,1.0
Los Olivos,47992,44,4,2,0.0
San Martin de Porres,86246,93,1,1,1.0
San Miguel,356973,227,2,2,1.0
Los Olivos,174998,195,3,2,0.0
Miraflores,392476,191,1,1,1.0
San Martin de Porres,100949,99,3,3,1.0
Surco,257603,151,2,3,1.0
Surco,319782,175,1,2,0.0
Los Olivos,169339,152,2,1,2.0
Surco,326723,177,3,1,1.0
San Isidro,287252,107,4,2,1.0
Los Olivos,198055,195,2,1,1.0
Surco,376832,185,2,1,1.0
Miraflores,317090,153,4,3,1.0
Los Olivos,125120,144,3,1,1.0
Miraflores,411648,201,1,3,1.0
San Martin de Porres,171761,209,4,1,0.0
Miraflores,487122,240,2,1,2.0
San Miguel,211773,138,3,1,1.0
San Martin de Porres,76984,92,4,2,
Surco,93963,56,2,3,0.0
Surco,394328,215,1,1,0.0
Comas,89125,144,2,1,1.0
Los Olivos,169898,159,1,1,0.0
San Isidro,213052,86,2,1,1.0
Los Olivos,151891,173,4,3,1.0
Los Olivos,128106,113,2,2,1.0
Surco,238805,152,2,2,1.0
Surco,403490,243,1,1,1.0
Surco,336301,218,4,3,0.0
Surco,216598,109,2,2,0.0
Surco,427075,235,2,3,0.0
Surco,366956,210,4,3,1.0
San Isidro,476535,192,4,3,0.0
Surco,409777,209,4,3,0.0
San Miguel,287078,194,1,2,0.0
Surco,164270,86,2,3,1.0
San Miguel,226174,164,1,3,0.0
San Miguel,243054,163,1,3,1.0
Los Olivos,165891,154,3,1,0.0
Los Olivos,152849,155,3,2,1.0
Comas,121674,159,3,1,0.0
San Martin de Porres,87643,103,4,1,0.0
Comas,106610,166,4,1,0.0
San Miguel,123305,87,2,1,0.0
San Miguel,118320,77,4,2,1.0
San Isidro,195581,75,4,2,1.0
Comas,107486,153,2,1,1.0
San Martin de Porres,252224,247,1,2,2.0
Los Olivos,120101,106,4,1,0.0
Comas,145281,188,1,2,1.0
Miraflores,258292,105,3,1,0.0
Los Olivos,143437,135,4,1,0.0
Surco,435810,223,1,3,2.0
San Miguel,268030,185,1,2,
Surco,320098,157,3,2,1.0
Los Olivos,224044,205,4,1,
Surco,249196,130,1,1,0.0
San Miguel,224311,156,3,1,1.0
Surco,228472,128,4,3,0.0
Surco,278711,139,2,3,0.0
Surco,286467,143,4,1,
Miraflores,283526,112,4,2,0.0
San Isidro,203720,81,2,1,1.0
San Miguel,138814,99,2,1,1.0
Miraflores,305207,135,2,3,1.0
San Martin de Porres,190852,243,3,3,0.0
Los Olivos,215886,249,3,3,0.0
San Isidro,495832,206,4,3,1.0
Surco,303224,177,2,1,0.0
Comas,77463,126,3,1,
Los Olivos,196305,194,3,3,0.0
Miraflores,90630,42,1,3,1.0
Miraflores,482965,216,1,1,0.0
Comas,152616,243,1,1,1.0
Miraflores,396334,174,3,2,
Los Olivos,155133,141,4,3,0.0
Miraflores,367510,166,1,1,2.0
San Miguel,142288,98,4,2,1.0
San Martin de Porres,252650,249,1,3,0.0
Los Olivos,230372,248,4,2,1.0
Los Olivos,85859,87,3,2,0.0
Comas,114665,165,1,2,0.0
Miraflores,453009,220,4,2,1.0
Los Olivos,49867,55,4,2,1.0
San Isidro,194491,70,3,2,1.0
Miraflores,425684,188,2,1,1.0
San Isidro,194534,69,1,1,2.0
Comas,38096,55,2,1,1.0
Comas,178835,227,4,3,1.0
Surco,174841,104,3,3,0.0
San Miguel,58470,49,2,3,1.0
Comas,147700,248,1,3,1.0
San Miguel,136200,108,2,1,1.0
San Isidro,178021,78,2,1,
San Martin de Porres,123618,121,1,1,2.0
Los Olivos,69595,77,1,2,0.0
Surco,218860,140,4,3,2.0
Miraflores,418741,166,4,2,0.0
San Martin de Porres,73040,87,4,2,0.0
San Martin de Porres,216453,211,2,1,1.0
Miraflores,298092,131,2,1,2.0
San Isidro,256518,96,4,1,2.0
San Martin de Porres,61119,74,3,1,0.0
Los Olivos,41286,48,3,3,1.0
Comas,132607,211,1,3,0.0
Comas,86211,125,3,3,1.0
San Isidro,556559,234,2,2,0.0
San Martin de Porres,123879,132,2,1,0.0
Miraflores,317860,124,1,3,1.0
San Miguel,275930,188,2,1,1.0
Miraflores,319333,139,2,1,1.0
Surco,146942,94,4,2,0.0
Los Olivos,154480,145,2,3,1.0
Miraflores,216568,101,1,3,1.0
San Martin de Porres,248836,244,4,3,1.0
Los Olivos,102365,107,2,2,1.0
Los Olivos,161276,151,3,2,1.0
Los Olivos,139960,161,3,1,
San Miguel,67603,48,2,2,1.0
Comas,67024,100,4,3,1.0
San Miguel,201907,161,1,1,1.0
San Miguel,194946,158,1,1,2.0
Los Olivos,114294,101,3,1,1.0
Los Olivos,212133,214,1,3,2.0
Surco,107386,58,3,1,1.0
Surco,196265,103,3,1,0.0
Comas,153462,241,1,2,2.0
Surco,319127,207,1,2,1.0
Miraflores,486442,211,3,3,0.0
San Isidro,174581,68,3,1,0.0
San Miguel,276157,215,2,3,1.0
Miraflores,459787,220,2,2,1.0
San Martin de Porres,93391,112,1,2,0.0
San Isidro,530965,245,1,2,1.0
San Martin de Porres,110296,122,3,2,1.0
Los Olivos,58649,60,4,2,0.0
Surco,196603,110,1,1,0.0
San Miguel,277716,181,2,2,1.0
Miraflores,522326,245,4,1,0.0
Surco,99974,53,2,1,0.0
Miraflores,108198,42,3,3,1.0
San Isidro,326050,143,4,3,0.0
Surco,293800,181,1,2,0.0
Miraflores,446536,191,1,1,0.0
Los Olivos,153294,167,1,2,1.0
San Martin de Porres,75456,90,3,2,0.0
San Martin de Porres,61542,68,4,2,1.0
San Martin de Porres,137806,161,2,2,1.0
San Miguel,173488,139,4,2,1.0
San Martin de Porres,152363,173,3,1,1.0
San Isidro,442572,170,4,3,
San Isidro,311724,119,2,3,0.0
Comas,192885,244,2,2,1.0
Surco,313140,161,4,3,0.0
Miraflores,266564,101,1,1,0.0
San Isidro,219046,98,1,3,2.0
Miraflores,239747,114,2,1,1.0
San Miguel,260750,206,3,2,1.0
San Isidro,380801,156,3,2,1.0
Los Olivos,122185,142,4,1,1.0
San Martin de Porres,163765,211,1,2,1.0
San Miguel,176755,144,4,1,0.0
San Isidro,474715,176,4,1,1.0
San Isidro,183472,69,4,1,1.0
San Martin de Porres,81770,102,1,2,0.0
San Miguel,225497,153,2,3,1.0
